Race,Gender,Education,Age,Rf,ll,ul
WhiteNH,Female,HS_or_less,Age_35_44,1,106.3060083,108.0622222
WhiteNH,Female,HS_or_less,Age_35_44,2,106.4382969,109.0588769
WhiteNH,Female,HS_or_less,Age_35_44,3,131.2745626,133.5130451
WhiteNH,Female,HS_or_less,Age_35_44,4,107.0118145,109.0424672
WhiteNH,Female,HS_or_less,Age_35_44,5,107.6689313,109.7935501
WhiteNH,Female,HS_or_less,Age_35_44,6,132.4795865,136.4616802
WhiteNH,Female,HS_or_less,Age_35_44,7,105.1584094,109.4704
WhiteNH,Female,HS_or_less,Age_35_44,8,106.9123918,109.2546133
WhiteNH,Female,HS_or_less,Age_35_44,9,130.9358797,133.0614
WhiteNH,Female,HS_or_less,Age_35_44,10,107.3935676,111.1485092
WhiteNH,Female,HS_or_less,Age_35_44,11,132.2050818,135.1121488
WhiteNH,Female,HS_or_less,Age_35_44,12,134.9577887,145.3758331
WhiteNH,Female,HS_or_less,Age_35_44,13,131.120476,134.4142323
WhiteNH,Female,HS_or_less,Age_35_44,14,106.4247434,110.6168273
WhiteNH,Female,HS_or_less,Age_35_44,15,132.7866778,137.9545883
WhiteNH,Female,HS_or_less,Age_35_44,16,130.9186249,143.962189
WhiteNH,Female,some_coll_,Age_35_44,1,105.4617419,106.6690301
WhiteNH,Female,some_coll_,Age_35_44,2,105.2754569,107.9842584
WhiteNH,Female,some_coll_,Age_35_44,3,130.4089249,132.1412245
WhiteNH,Female,some_coll_,Age_35_44,4,105.8807475,107.9360758
WhiteNH,Female,some_coll_,Age_35_44,5,106.8221596,108.4028634
WhiteNH,Female,some_coll_,Age_35_44,6,131.5869007,135.1169076
WhiteNH,Female,some_coll_,Age_35_44,7,104.0040023,108.3873487
WhiteNH,Female,some_coll_,Age_35_44,8,105.7584607,108.171086
WhiteNH,Female,some_coll_,Age_35_44,9,130.0476369,131.7121843
WhiteNH,Female,some_coll_,Age_35_44,10,106.385334,109.9192843
WhiteNH,Female,some_coll_,Age_35_44,11,131.2095315,133.8702407
WhiteNH,Female,some_coll_,Age_35_44,12,133.8361716,144.2599918
WhiteNH,Female,some_coll_,Age_35_44,13,130.0855137,133.2117361
WhiteNH,Female,some_coll_,Age_35_44,14,105.3137336,109.4903787
WhiteNH,Female,some_coll_,Age_35_44,15,131.575211,136.9285968
WhiteNH,Female,some_coll_,Age_35_44,16,129.7824747,142.8608808
WhiteNH,Female,HS_or_less,Age_45_54,1,106.9968869,108.8567331
WhiteNH,Female,HS_or_less,Age_45_54,2,107.1783027,109.8042607
WhiteNH,Female,HS_or_less,Age_45_54,3,131.9777357,134.2952616
WhiteNH,Female,HS_or_less,Age_45_54,4,107.6831149,109.8565564
WhiteNH,Female,HS_or_less,Age_45_54,5,108.4509337,110.4969373
WhiteNH,Female,HS_or_less,Age_45_54,6,133.4421853,136.984471
WhiteNH,Female,HS_or_less,Age_45_54,7,106.0540346,110.0601644
WhiteNH,Female,HS_or_less,Age_45_54,8,107.5586883,110.0937065
WhiteNH,Female,HS_or_less,Age_45_54,9,131.749194,133.7334753
WhiteNH,Female,HS_or_less,Age_45_54,10,108.069273,111.9581934
WhiteNH,Female,HS_or_less,Age_45_54,11,132.9140879,135.8885324
WhiteNH,Female,HS_or_less,Age_45_54,12,135.6523428,146.1666687
WhiteNH,Female,HS_or_less,Age_45_54,13,131.8611944,135.1589035
WhiteNH,Female,HS_or_less,Age_45_54,14,107.3025826,111.2243778
WhiteNH,Female,HS_or_less,Age_45_54,15,133.4632889,138.7633669
WhiteNH,Female,HS_or_less,Age_45_54,16,131.793062,144.5731415
WhiteNH,Female,some_coll_,Age_45_54,1,106.0096726,107.6064891
WhiteNH,Female,some_coll_,Age_45_54,2,105.9509901,108.7941149
WhiteNH,Female,some_coll_,Age_45_54,3,131.008002,133.027537
WhiteNH,Female,some_coll_,Age_45_54,4,106.4740115,108.8282014
WhiteNH,Female,some_coll_,Age_45_54,5,107.5054581,109.2049545
WhiteNH,Female,some_coll_,Age_45_54,6,132.5238345,135.6653635
WhiteNH,Female,some_coll_,Age_45_54,7,104.8534797,109.0232609
WhiteNH,Female,some_coll_,Age_45_54,8,106.3401155,109.0748209
WhiteNH,Female,some_coll_,Age_45_54,9,130.769993,132.4752179
WhiteNH,Female,some_coll_,Age_45_54,10,107.00884,110.7811679
WhiteNH,Female,some_coll_,Age_45_54,11,131.8513933,134.7137686
WhiteNH,Female,some_coll_,Age_45_54,12,134.513728,145.067825
WhiteNH,Female,some_coll_,Age_45_54,13,130.7698344,134.0128051
WhiteNH,Female,some_coll_,Age_45_54,14,106.1467012,110.1428008
WhiteNH,Female,some_coll_,Age_45_54,15,132.2215226,137.7676748
WhiteNH,Female,some_coll_,Age_45_54,16,130.6425716,143.4861735
WhiteNH,Female,HS_or_less,Age_55_64,1,108.9261657,110.8850689
WhiteNH,Female,HS_or_less,Age_55_64,2,109.063072,111.8771059
WhiteNH,Female,HS_or_less,Age_55_64,3,133.8892088,136.341403
WhiteNH,Female,HS_or_less,Age_55_64,4,109.7380496,111.7592362
WhiteNH,Female,HS_or_less,Age_55_64,5,110.2697945,112.635691
WhiteNH,Female,HS_or_less,Age_55_64,6,135.1970911,139.1871797
WhiteNH,Female,HS_or_less,Age_55_64,7,108.057593,112.0142206
WhiteNH,Female,HS_or_less,Age_55_64,8,109.5691895,112.0408198
WhiteNH,Female,HS_or_less,Age_55_64,9,133.6155746,135.8247092
WhiteNH,Female,HS_or_less,Age_55_64,10,110.157278,113.8278028
WhiteNH,Female,HS_or_less,Age_55_64,11,134.8600103,137.9002246
WhiteNH,Female,HS_or_less,Age_55_64,12,137.5453876,148.2312384
WhiteNH,Female,HS_or_less,Age_55_64,13,133.7688934,137.208819
WhiteNH,Female,HS_or_less,Age_55_64,14,109.3115811,113.1729938
WhiteNH,Female,HS_or_less,Age_55_64,15,135.3195949,140.8646754
WhiteNH,Female,HS_or_less,Age_55_64,16,133.6424355,146.6813826
WhiteNH,Female,some_coll_,Age_55_64,1,107.9490148,109.6247614
WhiteNH,Female,some_coll_,Age_55_64,2,107.8524835,110.850236
WhiteNH,Female,some_coll_,Age_55_64,3,132.9240934,135.06906
WhiteNH,Female,some_coll_,Age_55_64,4,108.5363431,110.7234844
WhiteNH,Female,some_coll_,Age_55_64,5,109.3118036,111.3562235
WhiteNH,Female,some_coll_,Age_55_64,6,134.2621737,137.8846387
WhiteNH,Female,some_coll_,Age_55_64,7,106.8633439,110.9710113
WhiteNH,Female,some_coll_,Age_55_64,8,108.3595047,111.0130462
WhiteNH,Female,some_coll_,Age_55_64,9,132.6356585,134.5671669
WhiteNH,Female,some_coll_,Age_55_64,10,109.1089077,112.6387148
WhiteNH,Female,some_coll_,Age_55_64,11,133.8063276,136.7164488
WhiteNH,Female,some_coll_,Age_55_64,12,136.4098881,147.1292794
WhiteNH,Female,some_coll_,Age_55_64,13,132.6852612,136.0549928
WhiteNH,Female,some_coll_,Age_55_64,14,108.1627629,112.0843535
WhiteNH,Female,some_coll_,Age_55_64,15,134.0882315,139.8585804
WhiteNH,Female,some_coll_,Age_55_64,16,132.4948623,145.5914973
WhiteNH,Female,HS_or_less,Age_65_74,1,111.3105751,113.1826319
WhiteNH,Female,HS_or_less,Age_65_74,2,111.297363,114.3247873
WhiteNH,Female,HS_or_less,Age_65_74,3,136.4148741,138.4977102
WhiteNH,Female,HS_or_less,Age_65_74,4,111.859718,114.3195403
WhiteNH,Female,HS_or_less,Age_65_74,5,112.5683096,115.0191483
WhiteNH,Female,HS_or_less,Age_65_74,6,137.5699519,141.4962913
WhiteNH,Female,HS_or_less,Age_65_74,7,110.1383118,114.6154742
WhiteNH,Female,HS_or_less,Age_65_74,8,111.6822491,114.6097326
WhiteNH,Female,HS_or_less,Age_65_74,9,135.812958,138.3092982
WhiteNH,Female,HS_or_less,Age_65_74,10,112.3540783,116.312975
WhiteNH,Female,HS_or_less,Age_65_74,11,137.2184047,140.2238025
WhiteNH,Female,HS_or_less,Age_65_74,12,139.9554793,150.5031191
WhiteNH,Female,HS_or_less,Age_65_74,13,136.0984821,139.5612027
WhiteNH,Female,HS_or_less,Age_65_74,14,111.50118,115.6653673
WhiteNH,Female,HS_or_less,Age_65_74,15,137.6912472,143.1749956
WhiteNH,Female,HS_or_less,Age_65_74,16,135.8669101,149.1388804
WhiteNH,Female,some_coll_,Age_65_74,1,110.255363,112.0003856
WhiteNH,Female,some_coll_,Age_65_74,2,110.0489719,113.33572
WhiteNH,Female,some_coll_,Age_65_74,3,135.4027483,137.2723776
WhiteNH,Female,some_coll_,Age_65_74,4,110.6182359,113.323564
WhiteNH,Female,some_coll_,Age_65_74,5,111.5393854,113.8106141
WhiteNH,Female,some_coll_,Age_65_74,6,136.5986784,140.2301065
WhiteNH,Female,some_coll_,Age_65_74,7,108.9218903,113.5944373
WhiteNH,Female,some_coll_,Age_65_74,8,110.4404276,113.6140956
WhiteNH,Female,some_coll_,Age_65_74,9,134.7537183,137.1310795
WhiteNH,Female,some_coll_,Age_65_74,10,111.2635586,115.1660363
WhiteNH,Female,some_coll_,Age_65_74,11,136.1167769,139.087972
WhiteNH,Female,some_coll_,Age_65_74,12,138.8063186,149.4148214
WhiteNH,Female,some_coll_,Age_65_74,13,134.973146,138.4490804
WhiteNH,Female,some_coll_,Age_65_74,14,110.3210367,114.6080522
WhiteNH,Female,some_coll_,Age_65_74,15,136.4338459,142.1949384
WhiteNH,Female,some_coll_,Age_65_74,16,134.7091644,148.0591676
WhiteNH,Female,HS_or_less,Age_75_,1,114.7816995,117.3769419
WhiteNH,Female,HS_or_less,Age_75_,2,114.6637091,118.6238756
WhiteNH,Female,HS_or_less,Age_75_,3,139.8783374,142.6996812
WhiteNH,Female,HS_or_less,Age_75_,4,115.3745763,118.4701164
WhiteNH,Female,HS_or_less,Age_75_,5,116.2493935,119.0034988
WhiteNH,Female,HS_or_less,Age_75_,6,141.3994836,145.332194
WhiteNH,Female,HS_or_less,Age_75_,7,114.1322997,118.2869206
WhiteNH,Female,HS_or_less,Age_75_,8,115.2803761,118.6770399
WhiteNH,Female,HS_or_less,Age_75_,9,139.5835271,142.2041635
WhiteNH,Female,HS_or_less,Age_75_,10,116.065358,120.2671297
WhiteNH,Female,HS_or_less,Age_75_,11,140.6495201,144.4581215
WhiteNH,Female,HS_or_less,Age_75_,12,143.4135833,154.7104494
WhiteNH,Female,HS_or_less,Age_75_,13,139.9675286,143.3575906
WhiteNH,Female,HS_or_less,Age_75_,14,115.1275077,119.7044739
WhiteNH,Female,HS_or_less,Age_75_,15,141.4432248,147.0884523
WhiteNH,Female,HS_or_less,Age_75_,16,139.7329176,152.9383072
WhiteNH,Female,some_coll_,Age_75_,1,113.6168246,116.3043584
WhiteNH,Female,some_coll_,Age_75_,2,113.3880453,117.662081
WhiteNH,Female,some_coll_,Age_75_,3,138.7503914,141.5901688
WhiteNH,Female,some_coll_,Age_75_,4,114.0862434,117.5209909
WhiteNH,Female,some_coll_,Age_75_,5,115.1217144,117.8937195
WhiteNH,Female,some_coll_,Age_75_,6,140.3640014,144.1302179
WhiteNH,Female,some_coll_,Age_75_,7,112.8550571,117.3267049
WhiteNH,Female,some_coll_,Age_75_,8,113.9900603,117.7298973
WhiteNH,Female,some_coll_,Age_75_,9,138.4302264,141.1200058
WhiteNH,Female,some_coll_,Age_75_,10,114.9168809,119.1781484
WhiteNH,Female,some_coll_,Age_75_,11,139.4826523,143.3875309
WhiteNH,Female,some_coll_,Age_75_,12,142.2456153,153.640959
WhiteNH,Female,some_coll_,Age_75_,13,138.7738549,142.3138059
WhiteNH,Female,some_coll_,Age_75_,14,113.9028038,118.6917195
WhiteNH,Female,some_coll_,Age_75_,15,140.1498468,146.1443719
WhiteNH,Female,some_coll_,Age_75_,16,138.5571769,151.8765895
WhiteNH,Male,HS_or_less,Age_35_44,1,106.4660269,108.2968312
WhiteNH,Male,HS_or_less,Age_35_44,2,106.4453887,109.4464128
WhiteNH,Male,HS_or_less,Age_35_44,3,131.4146306,133.7676049
WhiteNH,Male,HS_or_less,Age_35_44,4,107.0028465,109.4460629
WhiteNH,Male,HS_or_less,Age_35_44,5,107.9987561,109.858353
WhiteNH,Male,HS_or_less,Age_35_44,6,132.7517616,136.5841328
WhiteNH,Male,HS_or_less,Age_35_44,7,105.328494,109.6949432
WhiteNH,Male,HS_or_less,Age_35_44,8,106.9831272,109.5785056
WhiteNH,Male,HS_or_less,Age_35_44,9,131.102898,133.2890094
WhiteNH,Male,HS_or_less,Age_35_44,10,107.5827309,111.3539735
WhiteNH,Male,HS_or_less,Age_35_44,11,132.2312941,135.4805642
WhiteNH,Male,HS_or_less,Age_35_44,12,135.1581431,145.5701065
WhiteNH,Male,HS_or_less,Age_35_44,13,131.2992325,134.6301035
WhiteNH,Male,HS_or_less,Age_35_44,14,106.5761885,110.8600099
WhiteNH,Male,HS_or_less,Age_35_44,15,133.2317951,137.9040988
WhiteNH,Male,HS_or_less,Age_35_44,16,130.9777645,144.2976771
WhiteNH,Male,some_coll_,Age_35_44,1,105.5457852,106.9796145
WhiteNH,Male,some_coll_,Age_35_44,2,105.2613589,108.3929841
WhiteNH,Male,some_coll_,Age_35_44,3,130.4903866,132.4543904
WhiteNH,Male,some_coll_,Age_35_44,4,105.840726,108.3707251
WhiteNH,Male,some_coll_,Age_35_44,5,107.1439641,108.4756866
WhiteNH,Male,some_coll_,Age_35_44,6,131.8446864,135.2537496
WhiteNH,Male,some_coll_,Age_35_44,7,104.1559654,108.6300134
WhiteNH,Male,some_coll_,Age_35_44,8,105.8018011,108.5223733
WhiteNH,Male,some_coll_,Age_35_44,9,130.1603371,131.9941119
WhiteNH,Male,some_coll_,Age_35_44,10,106.5508558,110.1483902
WhiteNH,Male,some_coll_,Age_35_44,11,131.1947299,134.2796701
WhiteNH,Male,some_coll_,Age_35_44,12,134.0285928,144.4621983
WhiteNH,Male,some_coll_,Age_35_44,13,130.2373756,133.4545019
WhiteNH,Male,some_coll_,Age_35_44,14,105.4457285,109.7530116
WhiteNH,Male,some_coll_,Age_35_44,15,131.9939872,136.9044483
WhiteNH,Male,some_coll_,Age_35_44,16,129.8357855,143.2021977
WhiteNH,Male,HS_or_less,Age_45_54,1,107.1932141,109.0550337
WhiteNH,Male,HS_or_less,Age_45_54,2,107.2075361,110.169655
WhiteNH,Male,HS_or_less,Age_45_54,3,132.1467576,134.5208674
WhiteNH,Male,HS_or_less,Age_45_54,4,107.7112244,110.2230746
WhiteNH,Male,HS_or_less,Age_45_54,5,108.8241936,110.5183051
WhiteNH,Male,HS_or_less,Age_45_54,6,133.7434907,137.0777933
WhiteNH,Male,HS_or_less,Age_45_54,7,106.2381372,110.2706895
WhiteNH,Male,HS_or_less,Age_45_54,8,107.6618861,110.3851363
WhiteNH,Male,HS_or_less,Age_45_54,9,131.9463775,133.9309195
WhiteNH,Male,HS_or_less,Age_45_54,10,108.275448,112.146646
WhiteNH,Male,HS_or_less,Age_45_54,11,132.9635533,136.2336947
WhiteNH,Male,HS_or_less,Age_45_54,12,135.8588636,146.3547755
WhiteNH,Male,HS_or_less,Age_45_54,13,132.0595959,135.3551297
WhiteNH,Male,HS_or_less,Age_45_54,14,107.4671903,111.4543978
WhiteNH,Male,HS_or_less,Age_45_54,15,133.9151388,138.7061447
WhiteNH,Male,HS_or_less,Age_45_54,16,131.854396,144.9064352
WhiteNH,Male,some_coll_,Age_45_54,1,106.1556988,107.8550905
WhiteNH,Male,some_coll_,Age_45_54,2,105.9657609,109.1739718
WhiteNH,Male,some_coll_,Age_45_54,3,131.1340239,133.2961427
WhiteNH,Male,some_coll_,Age_45_54,4,106.4829059,109.2139347
WhiteNH,Male,some_coll_,Age_45_54,5,107.8627855,109.2422548
WhiteNH,Male,some_coll_,Age_45_54,6,132.8112242,135.7726014
WhiteNH,Male,some_coll_,Age_45_54,7,105.0184783,109.25289
WhiteNH,Male,some_coll_,Age_45_54,8,106.4216137,109.3879503
WhiteNH,Male,some_coll_,Age_45_54,9,130.9199761,132.7198625
WhiteNH,Male,some_coll_,Age_45_54,10,107.1933908,110.9912448
WhiteNH,Male,some_coll_,Age_45_54,11,131.8697347,135.0900549
WhiteNH,Male,some_coll_,Age_45_54,12,134.7123713,145.2638094
WhiteNH,Male,some_coll_,Age_45_54,13,130.942936,134.2343311
WhiteNH,Male,some_coll_,Age_45_54,14,106.2916427,110.3924869
WhiteNH,Male,some_coll_,Age_45_54,15,132.6446846,137.7391405
WhiteNH,Male,some_coll_,Age_45_54,16,130.6982618,143.825111
WhiteNH,Male,HS_or_less,Age_55_64,1,109.2475665,110.9582958
WhiteNH,Male,HS_or_less,Age_55_64,2,109.177501,112.1573046
WhiteNH,Male,HS_or_less,Age_55_64,3,134.154963,136.4702765
WhiteNH,Male,HS_or_less,Age_55_64,4,109.8559238,112.0359898
WhiteNH,Male,HS_or_less,Age_55_64,5,110.7330918,112.5670214
WhiteNH,Male,HS_or_less,Age_55_64,6,135.5474028,139.2314958
WhiteNH,Male,HS_or_less,Age_55_64,7,108.3000074,112.1664339
WhiteNH,Male,HS_or_less,Age_55_64,8,109.7592698,112.2453671
WhiteNH,Male,HS_or_less,Age_55_64,9,133.9220591,135.9128524
WhiteNH,Male,HS_or_less,Age_55_64,10,110.4279538,113.9517548
WhiteNH,Male,HS_or_less,Age_55_64,11,134.982803,138.1720595
WhiteNH,Male,HS_or_less,Age_55_64,12,137.7733186,148.397935
WhiteNH,Male,HS_or_less,Age_55_64,13,134.03536,137.3369801
WhiteNH,Male,HS_or_less,Age_55_64,14,109.5350145,113.3441881
WhiteNH,Male,HS_or_less,Age_55_64,15,135.8048576,140.7740404
WhiteNH,Male,HS_or_less,Age_55_64,16,133.7236863,146.9947595
WhiteNH,Male,some_coll_,Age_55_64,1,108.2378467,109.7305571
WhiteNH,Male,some_coll_,Age_55_64,2,107.9457289,111.1516183
WhiteNH,Male,some_coll_,Age_55_64,3,133.1595953,135.2281858
WhiteNH,Male,some_coll_,Age_55_64,4,108.6249543,111.0295009
WhiteNH,Male,some_coll_,Age_55_64,5,109.7769652,111.2856896
WhiteNH,Male,some_coll_,Age_55_64,6,134.6045304,137.9369097
WhiteNH,Male,some_coll_,Age_55_64,7,107.083602,111.1453809
WhiteNH,Male,some_coll_,Age_55_64,8,108.5194255,111.247753
WhiteNH,Male,some_coll_,Age_55_64,9,132.9120936,134.6853595
WhiteNH,Male,some_coll_,Age_55_64,10,109.3583259,112.7839242
WhiteNH,Male,some_coll_,Age_55_64,11,133.899213,137.0181911
WhiteNH,Male,some_coll_,Age_55_64,12,136.6299701,147.3038252
WhiteNH,Male,some_coll_,Age_55_64,13,132.9278172,136.2070645
WhiteNH,Male,some_coll_,Age_55_64,14,108.3645405,112.2772036
WhiteNH,Male,some_coll_,Age_55_64,15,134.5452413,139.7961983
WhiteNH,Male,some_coll_,Age_55_64,16,132.5704139,145.9105734
WhiteNH,Male,HS_or_less,Age_65_74,1,111.5034369,113.3843978
WhiteNH,Male,HS_or_less,Age_65_74,2,111.3448187,114.6719593
WhiteNH,Male,HS_or_less,Age_65_74,3,136.5777632,138.7294488
WhiteNH,Male,HS_or_less,Age_65_74,4,111.9028962,114.6709898
WhiteNH,Male,HS_or_less,Age_65_74,5,112.90516,115.0769257
WhiteNH,Male,HS_or_less,Age_65_74,6,137.8588052,141.6020658
WhiteNH,Male,HS_or_less,Age_65_74,7,110.3223488,114.8260649
WhiteNH,Male,HS_or_less,Age_65_74,8,111.7952408,114.8913686
WhiteNH,Male,HS_or_less,Age_65_74,9,136.0075601,138.5093239
WhiteNH,Male,HS_or_less,Age_65_74,10,112.5584429,116.5032381
WhiteNH,Male,HS_or_less,Age_65_74,11,137.2672819,140.569553
WhiteNH,Male,HS_or_less,Age_65_74,12,140.161352,150.6918741
WhiteNH,Male,HS_or_less,Age_65_74,13,136.2949492,139.7593633
WhiteNH,Male,HS_or_less,Age_65_74,14,111.666121,115.895054
WhiteNH,Male,HS_or_less,Age_65_74,15,138.132412,143.1284585
WhiteNH,Male,HS_or_less,Age_65_74,16,135.9327028,149.4677153
WhiteNH,Male,some_coll_,Age_65_74,1,110.4019755,112.2484008
WhiteNH,Male,some_coll_,Age_65_74,2,110.0842482,113.6950715
WhiteNH,Male,some_coll_,Age_65_74,3,135.5202557,137.5494979
WhiteNH,Male,some_coll_,Age_65_74,4,110.6466043,113.6898233
WhiteNH,Male,some_coll_,Age_65_74,5,111.8477161,113.8969112
WhiteNH,Male,some_coll_,Age_65_74,6,136.8714553,140.3519572
WhiteNH,Male,some_coll_,Age_65_74,7,109.0889435,113.8220118
WhiteNH,Male,some_coll_,Age_65_74,8,110.5349911,113.9141599
WhiteNH,Male,some_coll_,Age_65_74,9,134.9139764,137.3654492
WhiteNH,Male,some_coll_,Age_65_74,10,111.4468733,115.3773493
WhiteNH,Male,some_coll_,Age_65_74,11,136.1390149,139.4603616
WhiteNH,Male,some_coll_,Age_65_74,12,139.0043405,149.6114272
WhiteNH,Male,some_coll_,Age_65_74,13,135.1459986,138.6708555
WhiteNH,Male,some_coll_,Age_65_74,14,110.4679641,114.8557525
WhiteNH,Male,some_coll_,Age_65_74,15,136.8466574,142.1767546
WhiteNH,Male,some_coll_,Age_65_74,16,134.7696387,148.393321
WhiteNH,Male,HS_or_less,Age_75_,1,115.0136928,117.5395763
WhiteNH,Male,HS_or_less,Age_75_,2,114.7675301,118.9146823
WhiteNH,Male,HS_or_less,Age_75_,3,140.0842789,142.8883674
WhiteNH,Male,HS_or_less,Age_75_,4,115.4760839,118.7632365
WhiteNH,Male,HS_or_less,Age_75_,5,116.6086017,119.0389184
WhiteNH,Male,HS_or_less,Age_75_,6,141.7142708,145.4120345
WhiteNH,Male,HS_or_less,Age_75_,7,114.3386677,118.4751804
WhiteNH,Male,HS_or_less,Age_75_,8,115.4321354,118.9199083
WhiteNH,Male,HS_or_less,Age_75_,9,139.8157936,142.3665247
WhiteNH,Male,HS_or_less,Age_75_,10,116.2926389,120.4344764
WhiteNH,Male,HS_or_less,Age_75_,11,140.7517966,144.7504727
WhiteNH,Male,HS_or_less,Age_75_,12,143.6275063,154.8911541
WhiteNH,Male,HS_or_less,Age_75_,13,140.1928673,143.5268796
WhiteNH,Male,HS_or_less,Age_75_,14,115.3163814,119.9102279
WhiteNH,Male,HS_or_less,Age_75_,15,141.8956164,147.0306884
WhiteNH,Male,HS_or_less,Age_75_,16,139.8052768,153.2605757
WhiteNH,Male,some_coll_,Age_75_,1,113.816413,116.4993977
WhiteNH,Male,some_coll_,Age_75_,2,113.4799397,117.9648143
WhiteNH,Male,some_coll_,Age_75_,3,138.9272788,141.8079092
WhiteNH,Male,some_coll_,Age_75_,4,114.1739623,117.8278997
WhiteNH,Male,some_coll_,Age_75_,5,115.4464482,117.9636134
WhiteNH,Male,some_coll_,Age_75_,6,140.661,144.2278469
WhiteNH,Male,some_coll_,Age_75_,7,113.0422952,117.5340945
WhiteNH,Male,some_coll_,Age_75_,8,114.1243946,117.9901908
WhiteNH,Male,some_coll_,Age_75_,9,138.6304004,141.3144595
WhiteNH,Male,some_coll_,Age_75_,10,115.1241506,119.3655063
WhiteNH,Male,some_coll_,Age_75_,11,139.5670479,143.697763
WhiteNH,Male,some_coll_,Age_75_,12,142.4521214,153.8290806
WhiteNH,Male,some_coll_,Age_75_,13,138.9744287,142.5078598
WhiteNH,Male,some_coll_,Age_75_,14,114.0749017,118.9142493
WhiteNH,Male,some_coll_,Age_75_,15,140.5710919,146.1177545
WhiteNH,Male,some_coll_,Age_75_,16,138.624494,152.2039001
BlackNH,Female,HS_or_less,Age_35_44,1,109.1929151,111.3318084
BlackNH,Female,HS_or_less,Age_35_44,2,109.5462372,112.1074296
BlackNH,Female,HS_or_less,Age_35_44,3,134.4843956,136.4597051
BlackNH,Female,HS_or_less,Age_35_44,4,109.9885934,112.2221814
BlackNH,Female,HS_or_less,Age_35_44,5,110.773926,112.8450484
BlackNH,Female,HS_or_less,Age_35_44,6,135.6957105,139.4020493
BlackNH,Female,HS_or_less,Age_35_44,7,108.2439599,112.5413426
BlackNH,Female,HS_or_less,Age_35_44,8,109.7620829,112.5614153
BlackNH,Female,HS_or_less,Age_35_44,9,133.8852483,136.2685244
BlackNH,Female,HS_or_less,Age_35_44,10,110.2812937,114.4172761
BlackNH,Female,HS_or_less,Age_35_44,11,135.1278549,138.3458688
BlackNH,Female,HS_or_less,Age_35_44,12,138.0431698,148.4469451
BlackNH,Female,HS_or_less,Age_35_44,13,134.0561133,137.635088
BlackNH,Female,HS_or_less,Age_35_44,14,109.3782508,113.819813
BlackNH,Female,HS_or_less,Age_35_44,15,135.8786593,141.0190999
BlackNH,Female,HS_or_less,Age_35_44,16,134.0525336,146.9847734
BlackNH,Female,some_coll_,Age_35_44,1,108.1864944,110.1007707
BlackNH,Female,some_coll_,Age_35_44,2,108.316504,111.0997044
BlackNH,Female,some_coll_,Age_35_44,3,133.5458193,135.160823
BlackNH,Female,some_coll_,Age_35_44,4,108.7818687,111.1914477
BlackNH,Female,some_coll_,Age_35_44,5,109.826105,111.555411
BlackNH,Female,some_coll_,Age_35_44,6,134.7675354,138.0927659
BlackNH,Female,some_coll_,Age_35_44,7,107.0488214,111.4990227
BlackNH,Female,some_coll_,Age_35_44,8,108.5524367,111.533603
BlackNH,Female,some_coll_,Age_35_44,9,132.8800548,135.0362595
BlackNH,Female,some_coll_,Age_35_44,10,109.2173554,113.2437559
BlackNH,Female,some_coll_,Age_35_44,11,134.060869,137.1753963
BlackNH,Female,some_coll_,Age_35_44,12,136.9043734,147.3482831
BlackNH,Female,some_coll_,Age_35_44,13,132.9626558,136.4910871
BlackNH,Female,some_coll_,Age_35_44,14,108.2267165,112.7338889
BlackNH,Female,some_coll_,Age_35_44,15,134.6333049,140.0269959
BlackNH,Female,some_coll_,Age_35_44,16,132.9024383,145.8974103
BlackNH,Female,HS_or_less,Age_45_54,1,109.9091425,112.1009706
BlackNH,Female,HS_or_less,Age_45_54,2,110.3004314,112.8386251
BlackNH,Female,HS_or_less,Age_45_54,3,135.2002903,137.2292001
BlackNH,Female,HS_or_less,Age_45_54,4,110.6814933,113.0146711
BlackNH,Female,HS_or_less,Age_45_54,5,111.5754299,113.5289341
BlackNH,Female,HS_or_less,Age_45_54,6,136.6882835,139.8948659
BlackNH,Female,HS_or_less,Age_45_54,7,109.1492812,113.1214109
BlackNH,Female,HS_or_less,Age_45_54,8,110.4355087,113.3733791
BlackNH,Female,HS_or_less,Age_45_54,9,134.7066968,136.9324655
BlackNH,Female,HS_or_less,Age_45_54,10,110.9715451,115.2124143
BlackNH,Female,HS_or_less,Age_45_54,11,135.8511833,139.1079301
BlackNH,Female,HS_or_less,Age_45_54,12,138.7411237,149.2343808
BlackNH,Female,HS_or_less,Age_45_54,13,134.8071708,138.3694201
BlackNH,Female,HS_or_less,Age_45_54,14,110.2567273,114.4267261
BlackNH,Female,HS_or_less,Age_45_54,15,136.5618329,141.8213159
BlackNH,Female,HS_or_less,Age_45_54,16,134.9310008,147.5916958
BlackNH,Female,some_coll_,Age_45_54,1,108.8126378,110.9600169
BlackNH,Female,some_coll_,Age_45_54,2,109.0062868,111.8953112
BlackNH,Female,some_coll_,Age_45_54,3,134.1552182,136.0368138
BlackNH,Female,some_coll_,Age_45_54,4,109.4085188,112.0501872
BlackNH,Female,some_coll_,Age_45_54,5,110.5341938,112.3327119
BlackNH,Female,some_coll_,Age_45_54,6,135.7306321,138.6150589
BlackNH,Female,some_coll_,Age_45_54,7,107.9052105,112.1280232
BlackNH,Female,some_coll_,Age_45_54,8,109.1732856,112.3981438
BlackNH,Female,some_coll_,Age_45_54,9,133.6237265,135.7779775
BlackNH,Female,some_coll_,Age_45_54,10,109.8632707,114.0832303
BlackNH,Female,some_coll_,Age_45_54,11,134.727686,137.9939689
BlackNH,Female,some_coll_,Age_45_54,12,137.5854947,148.1525514
BlackNH,Female,some_coll_,Age_45_54,13,133.6634707,137.2756619
BlackNH,Female,some_coll_,Age_45_54,14,109.0611952,113.3847998
BlackNH,Female,some_coll_,Age_45_54,15,135.2868323,140.8588581
BlackNH,Female,some_coll_,Age_45_54,16,133.7661544,146.5190838
BlackNH,Female,HS_or_less,Age_55_64,1,111.9196389,114.0480887
BlackNH,Female,HS_or_less,Age_55_64,2,112.2432039,114.853467
BlackNH,Female,HS_or_less,Age_55_64,3,137.1803003,139.2068046
BlackNH,Female,HS_or_less,Age_55_64,4,112.8079463,114.8458326
BlackNH,Female,HS_or_less,Age_55_64,5,113.4614767,115.6005019
BlackNH,Female,HS_or_less,Age_55_64,6,138.4673911,142.0733728
BlackNH,Female,HS_or_less,Age_55_64,7,111.1950679,115.0332388
BlackNH,Female,HS_or_less,Age_55_64,8,112.4992681,115.2672342
BlackNH,Female,HS_or_less,Age_55_64,9,136.653305,138.9434718
BlackNH,Female,HS_or_less,Age_55_64,10,113.0907657,117.0508082
BlackNH,Female,HS_or_less,Age_55_64,11,137.8498011,141.0669268
BlackNH,Female,HS_or_less,Age_55_64,12,140.6493066,151.2838124
BlackNH,Female,HS_or_less,Age_55_64,13,136.7646226,140.3695828
BlackNH,Female,HS_or_less,Age_55_64,14,112.3039257,116.3371422
BlackNH,Female,HS_or_less,Age_55_64,15,138.4470029,143.8937604
BlackNH,Female,HS_or_less,Age_55_64,16,136.7918065,149.6885046
BlackNH,Female,some_coll_,Age_55_64,1,110.8383124,112.8919568
BlackNH,Female,some_coll_,Age_55_64,2,110.9635283,113.8956842
BlackNH,Female,some_coll_,Age_55_64,3,136.1514224,137.9982241
BlackNH,Female,some_coll_,Age_55_64,4,111.5283612,113.8879593
BlackNH,Female,some_coll_,Age_55_64,5,112.4281428,114.3963773
BlackNH,Female,some_coll_,Age_55_64,6,137.4993149,140.8039906
BlackNH,Female,some_coll_,Age_55_64,7,109.9542286,114.0366197
BlackNH,Female,some_coll_,Age_55_64,8,111.2388832,114.2901607
BlackNH,Female,some_coll_,Age_55_64,9,135.5828862,137.7764323
BlackNH,Female,some_coll_,Age_55_64,10,111.9908685,115.9132471
BlackNH,Female,some_coll_,Age_55_64,11,136.7355671,139.9437023
BlackNH,Female,some_coll_,Age_55_64,12,139.4969661,150.1986945
BlackNH,Female,some_coll_,Age_55_64,13,135.6294403,139.2673068
BlackNH,Female,some_coll_,Age_55_64,14,111.1130532,115.2905563
BlackNH,Female,some_coll_,Age_55_64,15,137.1823099,142.9209951
BlackNH,Female,some_coll_,Age_55_64,16,135.6301079,148.6127448
BlackNH,Female,HS_or_less,Age_65_74,1,114.2352863,116.4144138
BlackNH,Female,HS_or_less,Age_65_74,2,114.4220975,117.3565459
BlackNH,Female,HS_or_less,Age_65_74,3,139.6710179,141.3980594
BlackNH,Female,HS_or_less,Age_65_74,4,114.8766056,117.4591457
BlackNH,Female,HS_or_less,Age_65_74,5,115.6955853,118.0483657
BlackNH,Female,HS_or_less,Age_65_74,6,140.8051677,144.4175687
BlackNH,Female,HS_or_less,Age_65_74,7,113.2374471,117.672832
BlackNH,Female,HS_or_less,Age_65_74,8,114.590695,117.8577798
BlackNH,Female,HS_or_less,Age_65_74,9,138.8026523,141.476097
BlackNH,Female,HS_or_less,Age_65_74,10,115.2650867,119.5584596
BlackNH,Female,HS_or_less,Age_65_74,11,140.1645403,143.43416
BlackNH,Female,HS_or_less,Age_65_74,12,143.0466281,153.5684633
BlackNH,Female,HS_or_less,Age_65_74,13,139.0571374,142.7590405
BlackNH,Female,HS_or_less,Age_65_74,14,114.4679053,118.8551351
BlackNH,Female,HS_or_less,Age_65_74,15,140.7937518,146.228984
BlackNH,Female,HS_or_less,Age_65_74,16,139.0045378,152.1577457
BlackNH,Female,some_coll_,Age_65_74,1,113.0874793,115.3247624
BlackNH,Female,some_coll_,Age_65_74,2,113.1149405,116.4262445
BlackNH,Female,some_coll_,Age_65_74,3,138.5707781,140.2608408
BlackNH,Female,some_coll_,Age_65_74,4,113.5782692,116.5200237
BlackNH,Female,some_coll_,Age_65_74,5,114.590945,116.9155475
BlackNH,Female,some_coll_,Age_65_74,6,139.7943383,143.1909397
BlackNH,Female,some_coll_,Age_65_74,7,111.981804,116.6910166
BlackNH,Female,some_coll_,Age_65_74,8,113.3102238,116.9007925
BlackNH,Female,some_coll_,Age_65_74,9,137.6712225,140.3700684
BlackNH,Female,some_coll_,Age_65_74,10,114.1305309,118.455557
BlackNH,Female,some_coll_,Age_65_74,11,139.0071269,142.354115
BlackNH,Female,some_coll_,Age_65_74,12,141.8804982,152.4971349
BlackNH,Female,some_coll_,Age_65_74,13,137.884622,141.6940975
BlackNH,Female,some_coll_,Age_65_74,14,113.2513851,117.8341969
BlackNH,Female,some_coll_,Age_65_74,15,139.504007,145.2812704
BlackNH,Female,some_coll_,Age_65_74,16,137.8329216,151.0919035
BlackNH,Female,HS_or_less,Age_75_,1,117.7338481,120.5812863
BlackNH,Female,HS_or_less,Age_75_,2,117.7690138,121.675064
BlackNH,Female,HS_or_less,Age_75_,3,143.0698481,145.6646636
BlackNH,Female,HS_or_less,Age_75_,4,118.3935943,121.6075914
BlackNH,Female,HS_or_less,Age_75_,5,119.3590811,122.0503043
BlackNH,Female,HS_or_less,Age_75_,6,144.6255604,148.2626103
BlackNH,Female,HS_or_less,Age_75_,7,117.2252642,121.3504493
BlackNH,Female,HS_or_less,Age_75_,8,118.201582,121.9123271
BlackNH,Female,HS_or_less,Age_75_,9,142.5656827,145.378501
BlackNH,Female,HS_or_less,Age_75_,10,118.9782328,123.5107479
BlackNH,Female,HS_or_less,Age_75_,11,143.6138959,147.6502387
BlackNH,Female,HS_or_less,Age_75_,12,146.5010228,157.779503
BlackNH,Female,HS_or_less,Age_75_,13,142.9149643,146.5666479
BlackNH,Female,HS_or_less,Age_75_,14,118.0971261,122.8913487
BlackNH,Female,HS_or_less,Age_75_,15,144.5392916,150.1488786
BlackNH,Female,HS_or_less,Age_75_,16,142.8683907,155.9593272
BlackNH,Female,some_coll_,Age_75_,1,116.5130767,119.5645993
BlackNH,Female,some_coll_,Age_75_,2,116.4493585,120.7572609
BlackNH,Female,some_coll_,Age_75_,3,141.874322,144.6227313
BlackNH,Female,some_coll_,Age_75_,4,117.0610651,120.7026623
BlackNH,Female,some_coll_,Age_75_,5,118.1666388,121.0052882
BlackNH,Female,some_coll_,Age_75_,6,143.5461261,147.1045862
BlackNH,Female,some_coll_,Age_75_,7,115.9070354,120.4312196
BlackNH,Female,some_coll_,Age_75_,8,116.8806165,120.9958342
BlackNH,Female,some_coll_,Age_75_,9,141.3537412,144.352984
BlackNH,Female,some_coll_,Age_75_,10,117.7931907,122.4583317
BlackNH,Female,some_coll_,Age_75_,11,142.4067398,146.6199365
BlackNH,Female,some_coll_,Age_75_,12,145.3172563,156.7258111
BlackNH,Female,some_coll_,Age_75_,13,141.6797937,145.5643602
BlackNH,Female,some_coll_,Age_75_,14,116.8414405,121.9095759
BlackNH,Female,some_coll_,Age_75_,15,143.2149765,149.2357353
BlackNH,Female,some_coll_,Age_75_,16,141.678609,154.9116505
BlackNH,Male,HS_or_less,Age_35_44,1,109.6345575,111.9457988
BlackNH,Male,HS_or_less,Age_35_44,2,109.9246041,112.7846956
BlackNH,Male,HS_or_less,Age_35_44,3,134.9264146,137.073319
BlackNH,Male,HS_or_less,Age_35_44,4,110.5156891,112.7507185
BlackNH,Male,HS_or_less,Age_35_44,5,111.2268082,113.4477991
BlackNH,Male,HS_or_less,Age_35_44,6,136.4223584,139.7310342
BlackNH,Male,HS_or_less,Age_35_44,7,108.7042874,113.1366479
BlackNH,Male,HS_or_less,Age_35_44,8,110.2039678,113.1751632
BlackNH,Male,HS_or_less,Age_35_44,9,134.3314173,136.8779882
BlackNH,Male,HS_or_less,Age_35_44,10,110.8504884,114.9037141
BlackNH,Male,HS_or_less,Age_35_44,11,135.6613807,138.8679758
BlackNH,Male,HS_or_less,Age_35_44,12,138.6125147,148.933233
BlackNH,Male,HS_or_less,Age_35_44,13,134.7312429,138.0155913
BlackNH,Male,HS_or_less,Age_35_44,14,109.9621489,114.2915477
BlackNH,Male,HS_or_less,Age_35_44,15,136.4435443,141.5098477
BlackNH,Male,HS_or_less,Age_35_44,16,134.5958591,147.4970807
BlackNH,Male,some_coll_,Age_35_44,1,108.55081,110.7920879
BlackNH,Male,some_coll_,Age_35_44,2,108.6580643,111.8137769
BlackNH,Male,some_coll_,Age_35_44,3,133.8927691,135.8695061
BlackNH,Male,some_coll_,Age_35_44,4,109.2491274,111.7798217
BlackNH,Male,some_coll_,Age_35_44,5,110.1907548,112.246394
BlackNH,Male,some_coll_,Age_35_44,6,135.469726,138.4462082
BlackNH,Male,some_coll_,Age_35_44,7,107.4793198,112.1241571
BlackNH,Male,some_coll_,Age_35_44,8,108.9528905,112.188782
BlackNH,Male,some_coll_,Age_35_44,9,133.2565288,135.7154183
BlackNH,Male,some_coll_,Age_35_44,10,109.750507,113.7662372
BlackNH,Male,some_coll_,Age_35_44,11,134.5476046,137.7442935
BlackNH,Male,some_coll_,Age_35_44,12,137.4592953,147.848994
BlackNH,Male,some_coll_,Age_35_44,13,133.5948977,136.914478
BlackNH,Male,some_coll_,Age_35_44,14,108.7763752,113.239863
BlackNH,Male,some_coll_,Age_35_44,15,135.1687706,140.547163
BlackNH,Male,some_coll_,Age_35_44,16,133.4342845,146.4211968
BlackNH,Male,HS_or_less,Age_45_54,1,110.2998658,112.7658801
BlackNH,Male,HS_or_less,Age_45_54,2,110.6333614,113.5613279
BlackNH,Male,HS_or_less,Age_45_54,3,135.5877922,137.8973311
BlackNH,Male,HS_or_less,Age_45_54,4,111.1552119,113.5965853
BlackNH,Male,HS_or_less,Age_45_54,5,111.9653712,114.1946257
BlackNH,Male,HS_or_less,Age_45_54,6,137.4049387,140.2338435
BlackNH,Male,HS_or_less,Age_45_54,7,109.5735285,113.7527964
BlackNH,Male,HS_or_less,Age_45_54,8,110.8406442,114.0238764
BlackNH,Male,HS_or_less,Age_45_54,9,135.0954782,137.5993169
BlackNH,Male,HS_or_less,Age_45_54,10,111.5092628,115.7303294
BlackNH,Male,HS_or_less,Age_45_54,11,136.3458089,139.6689373
BlackNH,Male,HS_or_less,Age_45_54,12,139.2978758,149.7332615
BlackNH,Male,HS_or_less,Age_45_54,13,135.4444624,138.7877614
BlackNH,Male,HS_or_less,Age_45_54,14,110.8131353,114.9259509
BlackNH,Male,HS_or_less,Age_45_54,15,137.1013951,142.3373866
BlackNH,Male,HS_or_less,Age_45_54,16,135.4645691,148.1137602
BlackNH,Male,some_coll_,Age_45_54,1,109.1413266,111.6869609
BlackNH,Male,some_coll_,Age_45_54,2,109.3151158,112.6421151
BlackNH,Male,some_coll_,Age_45_54,3,134.4673509,136.7803139
BlackNH,Male,some_coll_,Age_45_54,4,109.8352958,112.679043
BlackNH,Male,some_coll_,Age_45_54,5,110.8454774,113.077061
BlackNH,Male,some_coll_,Age_45_54,6,136.4129943,138.9883295
BlackNH,Male,some_coll_,Age_45_54,7,108.3020844,112.7867821
BlackNH,Male,some_coll_,Age_45_54,8,109.5462241,113.0808381
BlackNH,Male,some_coll_,Age_45_54,9,133.949229,136.5081078
BlackNH,Male,some_coll_,Age_45_54,10,110.3660966,114.6360372
BlackNH,Male,some_coll_,Age_45_54,11,135.178579,138.5987088
BlackNH,Male,some_coll_,Age_45_54,12,138.1279823,148.6656966
BlackNH,Male,some_coll_,Age_45_54,13,134.2561292,137.7386361
BlackNH,Male,some_coll_,Age_45_54,14,109.5821841,113.9194437
BlackNH,Male,some_coll_,Age_45_54,15,135.7991969,141.4021263
BlackNH,Male,some_coll_,Age_45_54,16,134.288078,147.0527929
BlackNH,Male,HS_or_less,Age_55_64,1,112.2097046,114.8136558
BlackNH,Male,HS_or_less,Age_55_64,2,112.501574,115.6507297
BlackNH,Male,HS_or_less,Age_55_64,3,137.4666416,139.9760961
BlackNH,Male,HS_or_less,Age_55_64,4,113.1669861,115.5424256
BlackNH,Male,HS_or_less,Age_55_64,5,113.7643972,116.3532141
BlackNH,Male,HS_or_less,Age_55_64,6,139.0881704,142.5082263
BlackNH,Male,HS_or_less,Age_55_64,7,111.5567138,115.7272256
BlackNH,Male,HS_or_less,Age_55_64,8,112.8191608,116.0029743
BlackNH,Male,HS_or_less,Age_55_64,9,136.9538735,139.6985362
BlackNH,Male,HS_or_less,Age_55_64,10,113.5683623,117.6288445
BlackNH,Male,HS_or_less,Age_55_64,11,138.2715501,141.7008106
BlackNH,Male,HS_or_less,Age_55_64,12,141.1827214,151.8060304
BlackNH,Male,HS_or_less,Age_55_64,13,137.3302015,140.8596368
BlackNH,Male,HS_or_less,Age_55_64,14,112.801014,116.8956868
BlackNH,Male,HS_or_less,Age_55_64,15,138.9416713,144.4547249
BlackNH,Male,HS_or_less,Age_55_64,16,137.3064163,150.2295276
BlackNH,Male,some_coll_,Age_55_64,1,111.0644538,113.7214482
BlackNH,Male,some_coll_,Age_55_64,2,111.2043434,114.7105019
BlackNH,Male,some_coll_,Age_55_64,3,136.3583306,138.8469487
BlackNH,Male,some_coll_,Age_55_64,4,111.8531049,114.6188484
BlackNH,Male,some_coll_,Age_55_64,5,112.6562938,115.2238592
BlackNH,Male,some_coll_,Age_55_64,6,138.0820915,141.2768468
BlackNH,Male,some_coll_,Age_55_64,7,110.291681,114.7548
BlackNH,Male,some_coll_,Age_55_64,8,111.5332742,115.0514025
BlackNH,Male,some_coll_,Age_55_64,9,135.820766,138.5941853
BlackNH,Male,some_coll_,Age_55_64,10,112.4315496,116.5281987
BlackNH,Male,some_coll_,Age_55_64,11,137.1143138,140.6205885
BlackNH,Male,some_coll_,Age_55_64,12,140.016522,150.7347714
BlackNH,Male,some_coll_,Age_55_64,13,136.1536128,139.798767
BlackNH,Male,some_coll_,Age_55_64,14,111.5765453,115.882697
BlackNH,Male,some_coll_,Age_55_64,15,137.6532511,143.5056866
BlackNH,Male,some_coll_,Age_55_64,16,136.1334399,149.1650456
BlackNH,Male,HS_or_less,Age_65_74,1,114.63003,117.0753028
BlackNH,Male,HS_or_less,Age_65_74,2,114.7819627,118.0523135
BlackNH,Male,HS_or_less,Age_65_74,3,140.0433097,142.0814005
BlackNH,Male,HS_or_less,Age_65_74,4,115.359677,118.0317072
BlackNH,Male,HS_or_less,Age_65_74,5,116.111128,118.6884559
BlackNH,Male,HS_or_less,Age_65_74,6,141.5018377,144.7765314
BlackNH,Male,HS_or_less,Age_65_74,7,113.6745608,118.2913511
BlackNH,Male,HS_or_less,Age_65_74,8,115.0106913,118.4934163
BlackNH,Male,HS_or_less,Age_65_74,9,139.216664,142.1177181
BlackNH,Male,HS_or_less,Age_65_74,10,115.805396,120.0737832
BlackNH,Male,HS_or_less,Age_65_74,11,140.6627716,143.9915615
BlackNH,Male,HS_or_less,Age_65_74,12,143.6044087,154.0663156
BlackNH,Male,HS_or_less,Age_65_74,13,139.6933669,143.1784438
BlackNH,Male,HS_or_less,Age_65_74,14,115.0255555,119.3531177
BlackNH,Male,HS_or_less,Age_65_74,15,141.3350744,146.7432942
BlackNH,Male,HS_or_less,Age_65_74,16,139.5387724,152.6791439
BlackNH,Male,some_coll_,Age_65_74,1,113.4274056,116.0404688
BlackNH,Male,some_coll_,Age_65_74,2,113.4517333,117.1450845
BlackNH,Male,some_coll_,Age_65_74,3,138.8689917,141.01826
BlackNH,Male,some_coll_,Age_65_74,4,114.0184338,117.135492
BlackNH,Male,some_coll_,Age_65_74,5,114.9485162,117.6136092
BlackNH,Male,some_coll_,Age_65_74,6,140.4549698,143.5859409
BlackNH,Male,some_coll_,Age_65_74,7,112.3938676,117.3345859
BlackNH,Male,some_coll_,Age_65_74,8,113.7007347,117.5659145
BlackNH,Male,some_coll_,Age_65_74,9,138.0364699,141.0604538
BlackNH,Male,some_coll_,Age_65_74,10,114.6366082,119.0051125
BlackNH,Male,some_coll_,Age_65_74,11,139.4631107,142.953764
BlackNH,Male,some_coll_,Age_65_74,12,142.4240118,153.0092541
BlackNH,Male,some_coll_,Age_65_74,13,138.4769534,142.1573989
BlackNH,Male,some_coll_,Age_65_74,14,113.775282,118.3659328
BlackNH,Male,some_coll_,Age_65_74,15,140.0189139,145.8219963
BlackNH,Male,some_coll_,Age_65_74,16,138.3559433,151.6245146
BlackNH,Male,HS_or_less,Age_75_,1,118.1028033,121.2679639
BlackNH,Male,HS_or_less,Age_75_,2,118.1272972,122.3724134
BlackNH,Male,HS_or_less,Age_75_,3,143.4301675,146.3599771
BlackNH,Male,HS_or_less,Age_75_,4,118.8343325,122.2224861
BlackNH,Male,HS_or_less,Age_75_,5,119.7300693,122.7349489
BlackNH,Male,HS_or_less,Age_75_,6,145.2702933,148.6735102
BlackNH,Male,HS_or_less,Age_75_,7,117.6168757,122.0144705
BlackNH,Male,HS_or_less,Age_75_,8,118.5907339,122.578808
BlackNH,Male,HS_or_less,Age_75_,9,142.92985,146.0699664
BlackNH,Male,HS_or_less,Age_75_,10,119.480509,124.0641045
BlackNH,Male,HS_or_less,Age_75_,11,144.076493,148.2432745
BlackNH,Male,HS_or_less,Age_75_,12,147.0416646,158.294494
BlackNH,Male,HS_or_less,Age_75_,13,143.5039666,147.0332785
BlackNH,Male,HS_or_less,Age_75_,14,118.6166351,123.4274724
BlackNH,Male,HS_or_less,Age_75_,15,145.0499282,150.6938748
BlackNH,Male,HS_or_less,Age_75_,16,143.389678,156.4936727
BlackNH,Male,some_coll_,Age_75_,1,116.8480773,120.2852315
BlackNH,Male,some_coll_,Age_75_,2,116.7905222,121.47173
BlackNH,Male,some_coll_,Age_75_,3,142.1954911,145.357195
BlackNH,Male,some_coll_,Age_75_,4,117.4729987,121.3463614
BlackNH,Male,some_coll_,Age_75_,5,118.4985051,121.7290547
BlackNH,Male,some_coll_,Age_75_,6,144.1496253,147.5567198
BlackNH,Male,some_coll_,Age_75_,7,116.2792057,121.1146821
BlackNH,Male,some_coll_,Age_75_,8,117.2489477,121.6831358
BlackNH,Male,some_coll_,Age_75_,9,141.6829636,145.0793945
BlackNH,Male,some_coll_,Age_75_,10,118.2650061,123.0421491
BlackNH,Male,some_coll_,Age_75_,11,142.8381491,147.24416
BlackNH,Male,some_coll_,Age_75_,12,145.8447669,157.2539333
BlackNH,Male,some_coll_,Age_75_,13,142.2261594,146.0736272
BlackNH,Male,some_coll_,Age_75_,14,117.332455,122.4741942
BlackNH,Male,some_coll_,Age_75_,15,143.7024304,149.8039142
BlackNH,Male,some_coll_,Age_75_,16,142.1888044,155.4570879
